{
  "loss": [
    1.3206723928451538,
    0.954767644405365,
    0.8420588374137878,
    0.8038480877876282,
    0.7615576386451721,
    0.7402240633964539,
    0.732639491558075,
    0.7205983400344849,
    0.7066196799278259,
    0.6913939714431763,
    0.7698777318000793,
    0.7255907654762268,
    0.7028791308403015,
    0.7117903232574463,
    0.6892567276954651,
    0.6693148612976074,
    0.671236515045166,
    0.6659033894538879,
    0.6661272644996643,
    0.6672311425209045,
    0.6548014879226685,
    0.6505092978477478,
    0.6495204567909241,
    0.6403440833091736,
    0.6374359130859375,
    0.6393477320671082,
    0.6459172368049622,
    0.6334421634674072,
    0.6281824111938477,
    0.6199291348457336,
    0.6197112798690796,
    0.6250589489936829,
    0.6119976043701172,
    0.6160387992858887,
    0.618004322052002
  ],
  "val_loss": [
    0.8907569050788879,
    0.7083340883255005,
    0.6412391662597656,
    0.5967748165130615,
    0.5944417715072632,
    0.5940273404121399,
    0.5920838117599487,
    0.5549873113632202,
    0.5579510927200317,
    0.5717971920967102,
    0.7166403532028198,
    0.798236072063446,
    0.724781334400177,
    0.6926823854446411,
    0.67195725440979,
    0.6271126866340637,
    0.6038975715637207,
    0.5933237671852112,
    0.5756188631057739,
    0.574169933795929,
    0.5653403997421265,
    0.5570684671401978,
    0.5562089681625366,
    0.5493254065513611,
    0.5409454703330994,
    0.5407947897911072,
    0.5356137752532959,
    0.5335597991943359,
    0.5295162200927734,
    0.5299386382102966,
    0.5270270109176636,
    0.5253990292549133,
    0.5253401398658752,
    0.5238931179046631,
    0.5224482417106628
  ],
  "accuracy": [
    0.48216307163238525,
    0.7338618636131287,
    0.7924688458442688,
    0.8221970796585083,
    0.8442808389663696,
    0.8547565340995789,
    0.8629671335220337,
    0.8669309020042419,
    0.8725934028625488,
    0.8808040618896484,
    0.8518518805503845,
    0.8587202429771423,
    0.8723102807998657,
    0.8663646578788757,
    0.8805209398269653,
    0.8946772217750549,
    0.8997734785079956,
    0.8960928916931152,
    0.8969422578811646,
    0.8909965753555298,
    0.8975085020065308,
    0.9020385146141052,
    0.9048697352409363,
    0.9093997478485107,
    0.9051529169082642,
    0.9077010154724121,
    0.8986409902572632,
    0.9122310280799866,
    0.9116647839546204,
    0.9215741753578186,
    0.9218572974205017,
    0.9193091988563538,
    0.9215741753578186,
    0.9201585650444031,
    0.9232729077339172
  ],
  "val_accuracy": [
    0.7547683715820312,
    0.8705722093582153,
    0.9019073843955994,
    0.9223433136940002,
    0.9209809303283691,
    0.9209809303283691,
    0.9318801164627075,
    0.9455040693283081,
    0.944141685962677,
    0.9359673261642456,
    0.8692098259925842,
    0.8269754648208618,
    0.8692098259925842,
    0.8801090121269226,
    0.8978201746940613,
    0.9087193608283997,
    0.9209809303283691,
    0.9250681400299072,
    0.9359673261642456,
    0.9414169192314148,
    0.9359673261642456,
    0.9482288956642151,
    0.9414169192314148,
    0.944141685962677,
    0.9495912790298462,
    0.9482288956642151,
    0.9523161053657532,
    0.9550408720970154,
    0.9550408720970154,
    0.9523161053657532,
    0.9550408720970154,
    0.9577656388282776,
    0.9550408720970154,
    0.9618528485298157,
    0.9604904651641846
  ],
  "auc": [
    0.7965327501296997,
    0.9335709810256958,
    0.9595999121665955,
    0.9664404988288879,
    0.9732933044433594,
    0.976978063583374,
    0.9774913787841797,
    0.9796967506408691,
    0.9819650650024414,
    0.9837279915809631,
    0.9766446948051453,
    0.9783464670181274,
    0.982305109500885,
    0.9800901412963867,
    0.9840028882026672,
    0.9867234826087952,
    0.9854600429534912,
    0.9863870739936829,
    0.9864364266395569,
    0.986431360244751,
    0.9884642958641052,
    0.9885127544403076,
    0.9883906841278076,
    0.9890958070755005,
    0.989886999130249,
    0.989404559135437,
    0.9891505241394043,
    0.9902653694152832,
    0.9908066391944885,
    0.9920153617858887,
    0.9920613169670105,
    0.9912658929824829,
    0.9926524758338928,
    0.9920378923416138,
    0.9914876818656921
  ],
  "val_auc": [
    0.9510340094566345,
    0.9832909107208252,
    0.990487813949585,
    0.9943931102752686,
    0.9946568012237549,
    0.9942102432250977,
    0.9949982762336731,
    0.9972719550132751,
    0.9969581961631775,
    0.9965222477912903,
    0.9858930110931396,
    0.9771756529808044,
    0.9847345948219299,
    0.9876335263252258,
    0.9899402260780334,
    0.9935998916625977,
    0.9948107004165649,
    0.9954466223716736,
    0.996460497379303,
    0.9965618252754211,
    0.9967262148857117,
    0.9974562525749207,
    0.9972130656242371,
    0.9974206686019897,
    0.997827410697937,
    0.9978244304656982,
    0.9979031085968018,
    0.997871458530426,
    0.9981153607368469,
    0.9981688857078552,
    0.9983199834823608,
    0.9983592629432678,
    0.9981947541236877,
    0.9983533620834351,
    0.9983640313148499
  ],
  "phase1_epochs": 10
}