{
  "loss": [
    1.3692333698272705,
    1.0158451795578003,
    0.9424418210983276,
    0.8797232508659363,
    0.8574457764625549,
    0.8442113995552063,
    0.7979280352592468,
    0.791448175907135,
    0.7966631650924683,
    0.7759414911270142,
    0.8342356085777283,
    0.8061509132385254,
    0.8013114929199219,
    0.7733539938926697,
    0.7496808171272278,
    0.7806177139282227,
    0.7461327314376831,
    0.7594453692436218,
    0.7451922297477722,
    0.7361698150634766,
    0.7311288118362427,
    0.7368480563163757,
    0.7244181036949158,
    0.7359320521354675,
    0.702691376209259,
    0.7211796641349792,
    0.7157260179519653,
    0.7138522863388062,
    0.7020306587219238,
    0.6982612609863281,
    0.7155711054801941,
    0.7047471404075623,
    0.6967922449111938,
    0.6880859732627869,
    0.6958220601081848
  ],
  "val_loss": [
    0.9281406402587891,
    0.7444534301757812,
    0.6798466444015503,
    0.651117205619812,
    0.6226417422294617,
    0.6219687461853027,
    0.5975866317749023,
    0.6070054769515991,
    0.5805643796920776,
    0.5809646248817444,
    0.7036944627761841,
    0.7122880220413208,
    0.6840765476226807,
    0.6602640151977539,
    0.643905520439148,
    0.6331380605697632,
    0.6250370740890503,
    0.616576075553894,
    0.5998839735984802,
    0.5836889147758484,
    0.5772057175636292,
    0.5679528117179871,
    0.5622188448905945,
    0.5647265911102295,
    0.5604806542396545,
    0.5579864978790283,
    0.554537832736969,
    0.5527843832969666,
    0.5531476736068726,
    0.5529398322105408,
    0.5488905310630798,
    0.548117458820343,
    0.5493853688240051,
    0.548540472984314,
    0.5479552745819092
  ],
  "accuracy": [
    0.4563986361026764,
    0.6877123713493347,
    0.7324461936950684,
    0.7641562819480896,
    0.781143844127655,
    0.790203869342804,
    0.8216307759284973,
    0.8233295679092407,
    0.8176670670509338,
    0.8295583128929138,
    0.8232536315917969,
    0.8131370544433594,
    0.8202151656150818,
    0.8400339484214783,
    0.8496602773666382,
    0.8216307759284973,
    0.8536239862442017,
    0.8431483507156372,
    0.8507927656173706,
    0.8575877547264099,
    0.8618346452713013,
    0.8510758876800537,
    0.8635334372520447,
    0.8507927656173706,
    0.8711777925491333,
    0.8640996813774109,
    0.8669309020042419,
    0.8590034246444702,
    0.8802378177642822,
    0.8765571713447571,
    0.870328426361084,
    0.8745753169059753,
    0.8810871839523315,
    0.8842015862464905,
    0.8765571713447571
  ],
  "val_accuracy": [
    0.7356948256492615,
    0.8365122675895691,
    0.8705722093582153,
    0.8801090121269226,
    0.9155313372612,
    0.9046321511268616,
    0.9155313372612,
    0.9114441275596619,
    0.9359673261642456,
    0.9373297095298767,
    0.8678473830223083,
    0.8583106398582458,
    0.8746594190597534,
    0.8841961622238159,
    0.8964577913284302,
    0.9019073843955994,
    0.9059945344924927,
    0.9114441275596619,
    0.9209809303283691,
    0.9318801164627075,
    0.9400544762611389,
    0.9427793025970459,
    0.9427793025970459,
    0.9523161053657532,
    0.9414169192314148,
    0.9455040693283081,
    0.9523161053657532,
    0.9523161053657532,
    0.9523161053657532,
    0.9495912790298462,
    0.9577656388282776,
    0.9550408720970154,
    0.9577656388282776,
    0.9591280817985535,
    0.9536784887313843
  ],
  "auc": [
    0.7703647613525391,
    0.9163023233413696,
    0.9363102912902832,
    0.9508645534515381,
    0.9555550217628479,
    0.9582245349884033,
    0.9673077464103699,
    0.9681487679481506,
    0.966822624206543,
    0.970251202583313,
    0.9677687287330627,
    0.9650377631187439,
    0.9660682678222656,
    0.9707573652267456,
    0.974808394908905,
    0.9701642394065857,
    0.9750164747238159,
    0.9724653363227844,
    0.9750496745109558,
    0.9769952893257141,
    0.9773460030555725,
    0.9763913154602051,
    0.978312611579895,
    0.9770056009292603,
    0.9820343255996704,
    0.9787768125534058,
    0.9796442985534668,
    0.9807507991790771,
    0.9816660284996033,
    0.9822814464569092,
    0.9792793393135071,
    0.9813207387924194,
    0.9826495051383972,
    0.9836926460266113,
    0.9825068712234497
  ],
  "val_auc": [
    0.9459154605865479,
    0.9770506024360657,
    0.9856245517730713,
    0.9891676306724548,
    0.9922910332679749,
    0.9920148849487305,
    0.9943109750747681,
    0.99366295337677,
    0.9956042170524597,
    0.9955580234527588,
    0.984825849533081,
    0.9840832948684692,
    0.9868154525756836,
    0.9892481565475464,
    0.9907376766204834,
    0.9914264678955078,
    0.9925047159194946,
    0.9931460022926331,
    0.9943877458572388,
    0.9954705834388733,
    0.9960857629776001,
    0.9964816570281982,
    0.9967905879020691,
    0.9966691732406616,
    0.9968329668045044,
    0.9967830181121826,
    0.9969807267189026,
    0.9971181154251099,
    0.9970903396606445,
    0.9971431493759155,
    0.9973794221878052,
    0.997366189956665,
    0.9973373413085938,
    0.9973236322402954,
    0.9973164796829224
  ],
  "phase1_epochs": 10
}